row_number,first_name,last_name,dot_number,email,Milestone
1,Vittoria,Gaskarth,648,Gaskarth.648@osu.edu,4
2,Esra,Durrand,799,Durrand.799@osu.edu,11
3,Rodrigo,Tremeer,416,Tremeer.416@osu.edu,7
4,Dale,MacCallester,30,MacCallester.30@osu.edu,2
5,Igor,Checo,540,Checo.540@osu.edu,4
6,Katya,Snary,346,Snary.346@osu.edu,12
7,Ammamaria,Erskine,17,Erskine.17@osu.edu,9
8,Dulce,Milburne,488,Milburne.488@osu.edu,7
9,Errick,Garaghan,174,Garaghan.174@osu.edu,9
10,Serge,Ollington,843,Ollington.843@osu.edu,4
11,Zebulen,Cohen,231,Cohen.231@osu.edu,2
12,Shara,Comford,838,Comford.838@osu.edu,8
13,Virginia,Blaase,269,Blaase.269@osu.edu,5
14,Donaugh,Colpus,505,Colpus.505@osu.edu,12
15,Debi,MacTrustrie,326,MacTrustrie.326@osu.edu,5
16,Evania,Busfield,123,Busfield.123@osu.edu,8
17,Alfie,Nucci,107,Nucci.107@osu.edu,9
18,Tallulah,Casa,296,Casa.296@osu.edu,10
19,Lilla,Ellingham,398,Ellingham.398@osu.edu,6
20,Marijn,Rennick,107,Rennick.107@osu.edu,5
21,Chery,Paulitschke,470,Paulitschke.470@osu.edu,7
22,Boot,Etienne,978,Etienne.978@osu.edu,7
23,Juliet,Heindrick,376,Heindrick.376@osu.edu,8
24,Luigi,Eastabrook,405,Eastabrook.405@osu.edu,11
25,Letta,Rankin,806,Rankin.806@osu.edu,5
26,Barbey,Bains,113,Bains.113@osu.edu,8
27,Claire,Tour,189,Tour.189@osu.edu,4
28,Birch,Cottey,890,Cottey.890@osu.edu,12
29,Sutherland,Kippins,529,Kippins.529@osu.edu,11
30,Chlo,Orring,427,Orring.427@osu.edu,6
31,Mildrid,Goode,407,Goode.407@osu.edu,2
32,Danica,Chevin,969,Chevin.969@osu.edu,6
33,Abner,Antoniat,245,Antoniat.245@osu.edu,1
34,Kamilah,Gergolet,459,Gergolet.459@osu.edu,7
35,Eunice,Juza,955,Juza.955@osu.edu,7
36,Kellia,Trayhorn,726,Trayhorn.726@osu.edu,9
37,Alwin,Scaplehorn,902,Scaplehorn.902@osu.edu,9
38,Anthia,Gerred,911,Gerred.911@osu.edu,10
39,Madalena,Herreran,324,Herreran.324@osu.edu,8
40,Cobby,Flippen,399,Flippen.399@osu.edu,7
41,Myron,Tomenson,420,Tomenson.420@osu.edu,1
42,Letty,Steger,282,Steger.282@osu.edu,6
43,Aubry,Gilley,444,Gilley.444@osu.edu,1
44,Alvira,Riepel,581,Riepel.581@osu.edu,9
45,Freddi,Esparza,384,Esparza.384@osu.edu,2
46,Jade,Bradie,782,Bradie.782@osu.edu,11
47,Jehanna,Squibb,830,Squibb.830@osu.edu,4
48,Koenraad,Stannah,321,Stannah.321@osu.edu,11
49,Felic,Clulee,739,Clulee.739@osu.edu,5
50,Willi,De Minico,99,De Minico.99@osu.edu,1
51,Coral,Baulch,790,Baulch.790@osu.edu,11
52,Teresa,Farrah,204,Farrah.204@osu.edu,4
53,Vivienne,Dummer,92,Dummer.92@osu.edu,11
54,Pip,Bottoner,667,Bottoner.667@osu.edu,10
55,Bobbe,Crame,7,Crame.7@osu.edu,1
56,Sidney,Dullard,532,Dullard.532@osu.edu,1
57,Karlik,Fairbourne,201,Fairbourne.201@osu.edu,3
58,Melosa,Mellmer,130,Mellmer.130@osu.edu,8
59,Angeline,Harber,273,Harber.273@osu.edu,11
60,Catrina,Newstead,627,Newstead.627@osu.edu,4
61,Baron,Sides,993,Sides.993@osu.edu,3
62,Eberhard,Luca,833,Luca.833@osu.edu,10
63,Georgette,Pohlak,844,Pohlak.844@osu.edu,2
64,Skippy,Ferroli,82,Ferroli.82@osu.edu,1
65,Vernon,Kirlin,924,Kirlin.924@osu.edu,2
66,Tann,Bollen,805,Bollen.805@osu.edu,12
67,Yance,Rummery,104,Rummery.104@osu.edu,10
68,Malinde,McCarl,913,McCarl.913@osu.edu,8
69,Kathleen,Sirmond,279,Sirmond.279@osu.edu,8
70,Tracie,Merryman,619,Merryman.619@osu.edu,6
71,Drusi,Titherington,646,Titherington.646@osu.edu,6
72,Kirby,Eykelbosch,236,Eykelbosch.236@osu.edu,7
73,Korie,Seamer,32,Seamer.32@osu.edu,1
74,Tresa,Sesser,971,Sesser.971@osu.edu,10
75,Tanitansy,Ewence,704,Ewence.704@osu.edu,10
76,Louella,Munro,73,Munro.73@osu.edu,6
77,Inga,Float,481,Float.481@osu.edu,12
78,Hallie,Eivers,913,Eivers.913@osu.edu,9
79,Hedvige,Rangle,328,Rangle.328@osu.edu,8
80,Cymbre,Mathey,710,Mathey.710@osu.edu,1
81,Verne,Tettley,25,Tettley.25@osu.edu,6
82,Edgardo,Helks,6,Helks.6@osu.edu,7
83,Elli,Lathleiffure,743,Lathleiffure.743@osu.edu,3
84,Hazel,Cressor,200,Cressor.200@osu.edu,5
85,Merrielle,Dorrell,164,Dorrell.164@osu.edu,9
86,Frederigo,Eilhersen,886,Eilhersen.886@osu.edu,12
87,Kathe,Hruska,199,Hruska.199@osu.edu,1
88,Joana,Mycroft,836,Mycroft.836@osu.edu,9
89,Ruperto,Domico,564,Domico.564@osu.edu,2
90,Carlota,d' Eye,852,d' Eye.852@osu.edu,2
91,Jamey,Woollett,802,Woollett.802@osu.edu,1
92,Rozella,Balsom,648,Balsom.648@osu.edu,6
93,Gail,Woodier,26,Woodier.26@osu.edu,7
94,Elinore,Colebourn,77,Colebourn.77@osu.edu,5
95,Aryn,Denis,483,Denis.483@osu.edu,11
96,Rorke,Catto,23,Catto.23@osu.edu,9
97,Hedy,Pimlett,133,Pimlett.133@osu.edu,6
98,Agatha,Bedborough,731,Bedborough.731@osu.edu,5
99,Veriee,Lewton,992,Lewton.992@osu.edu,7
100,Ricky,Boxell,755,Boxell.755@osu.edu,10
101,Julie,Grahlmans,703,Grahlmans.703@osu.edu,5
102,Matelda,Siehard,752,Siehard.752@osu.edu,9
103,Lisbeth,Robardey,388,Robardey.388@osu.edu,10
104,Caye,O'Nions,999,O'Nions.999@osu.edu,10
105,Katina,Hadlee,964,Hadlee.964@osu.edu,3
106,Dari,Meenehan,423,Meenehan.423@osu.edu,6
107,Fletch,Libbie,502,Libbie.502@osu.edu,10
108,Thomasin,Skirven,688,Skirven.688@osu.edu,5
109,Johanna,Barrs,908,Barrs.908@osu.edu,6
110,Hollis,Maingot,126,Maingot.126@osu.edu,11
111,Arie,Cartwright,259,Cartwright.259@osu.edu,4
112,Orren,Whinney,877,Whinney.877@osu.edu,6
113,Donn,Savery,163,Savery.163@osu.edu,12
114,Calida,Grigolon,201,Grigolon.201@osu.edu,11
115,Aluino,Keaves,665,Keaves.665@osu.edu,2
116,Mathew,Conville,912,Conville.912@osu.edu,4
117,Harlin,Cardoso,244,Cardoso.244@osu.edu,10
118,Susana,Glas,61,Glas.61@osu.edu,7
119,Shannon,Yanov,277,Yanov.277@osu.edu,5
120,Fons,Swaton,165,Swaton.165@osu.edu,2
121,Missy,Perell,373,Perell.373@osu.edu,5
122,Loy,Castilla,512,Castilla.512@osu.edu,11
123,Winifred,Gianotti,489,Gianotti.489@osu.edu,9
124,Junette,Fright,557,Fright.557@osu.edu,7
125,Zedekiah,Cersey,921,Cersey.921@osu.edu,4
126,Mair,Yannikov,173,Yannikov.173@osu.edu,9
127,Conant,Guitte,606,Guitte.606@osu.edu,12
128,Seymour,Olyonov,231,Olyonov.231@osu.edu,1
129,Welbie,Strowthers,683,Strowthers.683@osu.edu,8
130,Isidore,Feehily,806,Feehily.806@osu.edu,2
131,Edythe,Nickless,117,Nickless.117@osu.edu,11
132,Salomi,Hatto,144,Hatto.144@osu.edu,2
133,Rona,Woodson,549,Woodson.549@osu.edu,9
134,Elisabeth,Dautry,487,Dautry.487@osu.edu,6
135,Marcile,Mantz,886,Mantz.886@osu.edu,6
136,Heriberto,Covell,484,Covell.484@osu.edu,8
137,Dari,Doog,892,Doog.892@osu.edu,10
138,Kizzee,Gittens,40,Gittens.40@osu.edu,2
139,Barth,Moatt,992,Moatt.992@osu.edu,10
140,Wakefield,Dulanty,580,Dulanty.580@osu.edu,9
141,Ardella,Foxcroft,885,Foxcroft.885@osu.edu,5
142,Wallis,Taks,111,Taks.111@osu.edu,10
143,Nestor,Moiser,161,Moiser.161@osu.edu,11
144,Brita,Borleace,209,Borleace.209@osu.edu,8
145,Jone,Stocky,883,Stocky.883@osu.edu,7
146,Martin,Arsmith,453,Arsmith.453@osu.edu,11
147,Melodie,Yellowlea,716,Yellowlea.716@osu.edu,8
148,Emmalyn,Chaulk,586,Chaulk.586@osu.edu,6
149,Darcee,Gowenlock,764,Gowenlock.764@osu.edu,9
150,Lorrin,Razoux,32,Razoux.32@osu.edu,8
151,Cordey,Castelain,62,Castelain.62@osu.edu,8
152,Cornelia,Heber,304,Heber.304@osu.edu,7
153,Phylis,Krabbe,869,Krabbe.869@osu.edu,7
154,Wolfgang,Udy,246,Udy.246@osu.edu,3
155,Sky,McPhate,3,McPhate.3@osu.edu,7
156,Aleece,Dufoure,854,Dufoure.854@osu.edu,7
157,Millard,Danilovitch,356,Danilovitch.356@osu.edu,8
158,Randene,Brewer,633,Brewer.633@osu.edu,1
159,Corrine,Tift,83,Tift.83@osu.edu,9
160,Ophelia,Braven,961,Braven.961@osu.edu,8
161,Philly,Sarfatti,21,Sarfatti.21@osu.edu,12
162,Lucky,Cradduck,955,Cradduck.955@osu.edu,3
163,Dorine,Turbill,191,Turbill.191@osu.edu,6
164,Katleen,Hollingshead,65,Hollingshead.65@osu.edu,5
165,Delmor,Whinney,476,Whinney.476@osu.edu,11
166,Olin,Goodluck,379,Goodluck.379@osu.edu,9
167,Giovanni,Nares,130,Nares.130@osu.edu,9
168,Padriac,Bainbridge,416,Bainbridge.416@osu.edu,12
169,Duky,Camies,566,Camies.566@osu.edu,11
170,Dian,Klouz,252,Klouz.252@osu.edu,8
171,Booth,Fasler,738,Fasler.738@osu.edu,5
172,Nikki,Yokelman,974,Yokelman.974@osu.edu,5
173,Modesty,Grzelewski,248,Grzelewski.248@osu.edu,1
174,Patrizia,Fones,464,Fones.464@osu.edu,8
175,Thurstan,Nisard,413,Nisard.413@osu.edu,3
176,Gregoor,Karlmann,584,Karlmann.584@osu.edu,4
177,Dixie,Frake,782,Frake.782@osu.edu,11
178,Reginald,Scothorn,436,Scothorn.436@osu.edu,3
179,Aloisia,Axtonne,554,Axtonne.554@osu.edu,9
180,Ward,Allright,361,Allright.361@osu.edu,9
181,Hana,Shoulders,956,Shoulders.956@osu.edu,9
182,Carmelita,McKay,23,McKay.23@osu.edu,3
183,Feodora,Simmans,773,Simmans.773@osu.edu,2
184,Lorenza,Frift,40,Frift.40@osu.edu,2
185,Rutger,Keneford,660,Keneford.660@osu.edu,8
186,Thorvald,Pollicatt,366,Pollicatt.366@osu.edu,4
187,Cherrita,Skein,625,Skein.625@osu.edu,5
188,Carlyn,Lawland,112,Lawland.112@osu.edu,3
189,Dario,Jacox,721,Jacox.721@osu.edu,7
190,Paddy,Ewestace,738,Ewestace.738@osu.edu,12
191,Georgeta,Vannucci,641,Vannucci.641@osu.edu,10
192,Hanni,Goodbar,561,Goodbar.561@osu.edu,8
193,Irwinn,Froment,75,Froment.75@osu.edu,9
194,Cameron,Baselio,33,Baselio.33@osu.edu,11
195,Ophelia,Cusworth,663,Cusworth.663@osu.edu,7
196,Beniamino,Odd,782,Odd.782@osu.edu,3
197,Parker,MacLucais,595,MacLucais.595@osu.edu,3
198,Gracie,Catanheira,861,Catanheira.861@osu.edu,6
199,Alanna,Skehens,75,Skehens.75@osu.edu,9
200,Loralyn,Immins,676,Immins.676@osu.edu,9
201,Annie,Gamett,64,Gamett.64@osu.edu,5
202,Katti,Burgh,730,Burgh.730@osu.edu,7
203,Giselle,Goby,350,Goby.350@osu.edu,5
204,Mariele,Aymeric,152,Aymeric.152@osu.edu,8
205,Layton,Nesey,739,Nesey.739@osu.edu,11
206,Dov,Harston,156,Harston.156@osu.edu,10
207,Conn,Rosenshine,662,Rosenshine.662@osu.edu,7
208,Isak,Whitney,653,Whitney.653@osu.edu,8
209,Zuzana,Fussell,830,Fussell.830@osu.edu,1
210,Juliann,Hatterslay,953,Hatterslay.953@osu.edu,11
211,Luis,Bouchard,896,Bouchard.896@osu.edu,2
212,Whitman,Malitrott,428,Malitrott.428@osu.edu,11
213,Clifford,Loble,960,Loble.960@osu.edu,9
214,Pryce,Carnachen,791,Carnachen.791@osu.edu,2
215,Monti,Feld,955,Feld.955@osu.edu,4
216,Rodrique,Callam,654,Callam.654@osu.edu,4
217,Rosanna,McKinney,225,McKinney.225@osu.edu,7
218,Urbano,Jayes,177,Jayes.177@osu.edu,7
219,Deirdre,Iddins,22,Iddins.22@osu.edu,1
220,Cthrine,Ayrton,408,Ayrton.408@osu.edu,1
221,Frasier,Bellows,282,Bellows.282@osu.edu,11
222,Robinette,Hagston,660,Hagston.660@osu.edu,10
223,Jodie,Randlesome,460,Randlesome.460@osu.edu,12
224,Marin,Eitter,4,Eitter.4@osu.edu,4
225,Dur,Slatcher,697,Slatcher.697@osu.edu,10
226,Orazio,Klousner,167,Klousner.167@osu.edu,12
227,Sophi,Scarbarrow,558,Scarbarrow.558@osu.edu,5
228,Dinny,Calendar,157,Calendar.157@osu.edu,3
229,Binni,Bidgod,613,Bidgod.613@osu.edu,10
230,Amery,Crownshaw,539,Crownshaw.539@osu.edu,9
231,Kelly,Shepton,92,Shepton.92@osu.edu,7
232,Norry,Petrov,825,Petrov.825@osu.edu,4
233,Anselm,Staning,280,Staning.280@osu.edu,2
234,Harman,Speechly,841,Speechly.841@osu.edu,1
235,Anne-marie,Levicount,21,Levicount.21@osu.edu,10
236,Jeno,Creeghan,637,Creeghan.637@osu.edu,7
237,Tine,Konerding,108,Konerding.108@osu.edu,6
238,Farrand,Esler,368,Esler.368@osu.edu,4
239,Tull,Sidgwick,660,Sidgwick.660@osu.edu,6
240,Bronnie,Kinnie,957,Kinnie.957@osu.edu,2
241,Nikki,Scobie,375,Scobie.375@osu.edu,2
242,Brenda,Carmont,410,Carmont.410@osu.edu,1
243,Albie,Honig,534,Honig.534@osu.edu,9
244,Hilton,Ambroix,738,Ambroix.738@osu.edu,5
245,Pepillo,Sutheran,411,Sutheran.411@osu.edu,3
246,Linell,Lankester,730,Lankester.730@osu.edu,4
247,Diena,Hastings,368,Hastings.368@osu.edu,2
248,Leonidas,Keerl,637,Keerl.637@osu.edu,12
249,Juline,Gurys,213,Gurys.213@osu.edu,1
250,Keslie,Babe,941,Babe.941@osu.edu,3
251,Tori,Coverly,328,Coverly.328@osu.edu,12
252,Markus,Pember,814,Pember.814@osu.edu,6
253,Maxy,Cline,797,Cline.797@osu.edu,5
254,Ennis,Ebbers,792,Ebbers.792@osu.edu,4
255,Lorri,Fuentez,506,Fuentez.506@osu.edu,2
256,Way,Tod,134,Tod.134@osu.edu,10
257,Skye,Calverd,915,Calverd.915@osu.edu,6
258,Norman,Zute,301,Zute.301@osu.edu,2
259,Gallard,McGlaud,944,McGlaud.944@osu.edu,2
260,Paolina,Scurrer,706,Scurrer.706@osu.edu,10
261,Laryssa,Bartoletti,900,Bartoletti.900@osu.edu,1
262,Issi,Strippling,57,Strippling.57@osu.edu,10
263,Kermit,Iacopo,235,Iacopo.235@osu.edu,5
264,Viviene,Holttom,783,Holttom.783@osu.edu,10
265,Lynea,Kindon,616,Kindon.616@osu.edu,8
266,Chiquita,Blundan,543,Blundan.543@osu.edu,2
267,Leeann,McVeigh,756,McVeigh.756@osu.edu,9
268,Daven,Lombard,731,Lombard.731@osu.edu,1
269,Tansy,Capener,346,Capener.346@osu.edu,3
270,Cob,Chauvey,387,Chauvey.387@osu.edu,12
271,Mahmud,Decreuze,292,Decreuze.292@osu.edu,8
272,Brynn,Jambrozek,343,Jambrozek.343@osu.edu,6
273,Garvey,Larver,309,Larver.309@osu.edu,1
274,Dorey,Vinick,111,Vinick.111@osu.edu,7
275,Jill,Kyttor,519,Kyttor.519@osu.edu,9
276,Findlay,Nijs,929,Nijs.929@osu.edu,1
277,Hadrian,Rycraft,944,Rycraft.944@osu.edu,8
278,Dalila,Brierley,594,Brierley.594@osu.edu,6
279,Maryrose,Geindre,899,Geindre.899@osu.edu,4
280,Lewie,Patershall,843,Patershall.843@osu.edu,6
281,Chrystal,Gimblett,864,Gimblett.864@osu.edu,12
282,Kristian,Slite,716,Slite.716@osu.edu,9
283,Ranna,Dutson,108,Dutson.108@osu.edu,5
284,Tommy,Davley,361,Davley.361@osu.edu,5
285,Millard,Connochie,942,Connochie.942@osu.edu,10
286,Arabelle,Barczewski,55,Barczewski.55@osu.edu,1
287,Valle,Spraberry,985,Spraberry.985@osu.edu,6
288,Augy,Gadie,506,Gadie.506@osu.edu,12
289,Marybelle,McAvin,677,McAvin.677@osu.edu,1
290,Roarke,Dulany,994,Dulany.994@osu.edu,4
291,Lazar,Sodeau,721,Sodeau.721@osu.edu,9
292,Dru,Halsho,672,Halsho.672@osu.edu,3
293,Camellia,Bristowe,606,Bristowe.606@osu.edu,10
294,Dame,Petch,339,Petch.339@osu.edu,4
295,Ephrayim,Gillyatt,736,Gillyatt.736@osu.edu,6
296,Huntley,Prendiville,21,Prendiville.21@osu.edu,7
297,Cristy,Pilipets,578,Pilipets.578@osu.edu,8
298,Alan,Grahame,688,Grahame.688@osu.edu,1
299,Gelya,Scottrell,226,Scottrell.226@osu.edu,12
300,Gray,Geeraert,261,Geeraert.261@osu.edu,7
301,Niles,Culp,40,Culp.40@osu.edu,2
302,Aldrich,Cawt,776,Cawt.776@osu.edu,1
303,Corrie,Janas,561,Janas.561@osu.edu,6
304,Rica,Seymark,303,Seymark.303@osu.edu,5
305,Rich,Chessell,706,Chessell.706@osu.edu,7
306,Agretha,Nickolls,688,Nickolls.688@osu.edu,10
307,Libbie,Ovenden,414,Ovenden.414@osu.edu,4
308,Sonya,Hacquel,788,Hacquel.788@osu.edu,8
309,Hadley,Eitter,170,Eitter.170@osu.edu,9
310,Francklin,Hefferan,888,Hefferan.888@osu.edu,3
311,Farand,Lethem,535,Lethem.535@osu.edu,4
312,Arleyne,Clegg,779,Clegg.779@osu.edu,9
313,Leopold,Druitt,558,Druitt.558@osu.edu,6
314,Balduin,Yurikov,153,Yurikov.153@osu.edu,9
315,Conrade,Beake,655,Beake.655@osu.edu,5
316,Gaspard,Utting,636,Utting.636@osu.edu,4
317,Hart,Bolding,117,Bolding.117@osu.edu,8
318,Meris,Croser,905,Croser.905@osu.edu,4
319,Brady,Ghilardi,854,Ghilardi.854@osu.edu,6
320,Adlai,Donnett,288,Donnett.288@osu.edu,2
321,Prince,Fausset,362,Fausset.362@osu.edu,12
322,Dedie,Brumble,399,Brumble.399@osu.edu,3
323,Sigismund,Dorn,854,Dorn.854@osu.edu,5
324,Dunn,Poulden,33,Poulden.33@osu.edu,2
325,Westley,Crack,202,Crack.202@osu.edu,5
326,Rustie,Saffer,132,Saffer.132@osu.edu,12
327,Bari,Cartwright,220,Cartwright.220@osu.edu,9
328,Lizbeth,Trout,883,Trout.883@osu.edu,5
329,Colin,Gyorffy,365,Gyorffy.365@osu.edu,12
330,Jacquenette,German,774,German.774@osu.edu,6
331,Mitchel,de Glanville,528,de Glanville.528@osu.edu,5
332,Joseito,Bonn,722,Bonn.722@osu.edu,3
333,Ellynn,Nurse,284,Nurse.284@osu.edu,10
334,Aubrie,Hubane,33,Hubane.33@osu.edu,6
335,Celinka,Spykings,111,Spykings.111@osu.edu,2
336,Cody,McGaffey,165,McGaffey.165@osu.edu,8
337,Philippine,Molnar,983,Molnar.983@osu.edu,3
338,Neille,Etock,538,Etock.538@osu.edu,11
339,Winnie,Ofer,787,Ofer.787@osu.edu,12
340,Karita,Francke,736,Francke.736@osu.edu,1
341,Baxie,Duchant,44,Duchant.44@osu.edu,11
342,Lacey,Fearby,988,Fearby.988@osu.edu,10
343,Ogdan,Bothe,597,Bothe.597@osu.edu,7
344,Talbot,Bour,375,Bour.375@osu.edu,7
345,Chad,Busst,871,Busst.871@osu.edu,10
346,Brady,Murty,717,Murty.717@osu.edu,7
347,Kaja,Dominique,633,Dominique.633@osu.edu,1
348,Carlie,Milby,748,Milby.748@osu.edu,5
349,Murvyn,Sellman,976,Sellman.976@osu.edu,3
350,Cassandry,Batalle,553,Batalle.553@osu.edu,4
351,Alexis,Woolbrook,177,Woolbrook.177@osu.edu,12
352,Brannon,Gilbanks,918,Gilbanks.918@osu.edu,1
353,Millard,Doddridge,998,Doddridge.998@osu.edu,11
354,Janek,Cadigan,465,Cadigan.465@osu.edu,9
355,Xenos,Entwisle,606,Entwisle.606@osu.edu,12
356,Wallie,Fucher,953,Fucher.953@osu.edu,2
357,Marje,Moens,237,Moens.237@osu.edu,12
358,Anton,Kupisz,948,Kupisz.948@osu.edu,11
359,Feodora,Howard - Gater,175,Howard - Gater.175@osu.edu,1
360,Raleigh,Pulhoster,130,Pulhoster.130@osu.edu,5
361,Reid,Mawhinney,737,Mawhinney.737@osu.edu,9
362,Kerry,Minkin,678,Minkin.678@osu.edu,11
363,Greg,Juara,831,Juara.831@osu.edu,2
364,Jyoti,Daouze,516,Daouze.516@osu.edu,1
365,Weston,Grabert,957,Grabert.957@osu.edu,3
366,Adrianna,Bloxholm,196,Bloxholm.196@osu.edu,5
367,Ignacio,Chamberlaine,569,Chamberlaine.569@osu.edu,12
368,Brod,Grellier,873,Grellier.873@osu.edu,9
369,Stefanie,Fearnsides,45,Fearnsides.45@osu.edu,6
370,Cherie,Zanelli,435,Zanelli.435@osu.edu,5
371,Cary,Rickeard,114,Rickeard.114@osu.edu,4
372,Celisse,Graddell,573,Graddell.573@osu.edu,4
373,Inna,O'Doireidh,834,O'Doireidh.834@osu.edu,1
374,Malissa,FitzGibbon,383,FitzGibbon.383@osu.edu,6
375,Kimberlyn,Halbord,689,Halbord.689@osu.edu,11
376,Jeniffer,Treen,750,Treen.750@osu.edu,2
377,Tisha,Silberschatz,483,Silberschatz.483@osu.edu,2
378,Elyse,Matsell,241,Matsell.241@osu.edu,4
379,Ryan,Dodamead,720,Dodamead.720@osu.edu,10
380,Julie,Walaron,904,Walaron.904@osu.edu,6
381,Kirby,Liversedge,727,Liversedge.727@osu.edu,4
382,Benedick,Cubitt,254,Cubitt.254@osu.edu,8
383,Lorrie,Aspray,74,Aspray.74@osu.edu,8
384,Jayne,Holyard,624,Holyard.624@osu.edu,11
385,Elizabeth,Stannah,304,Stannah.304@osu.edu,9
386,Carrissa,Saill,618,Saill.618@osu.edu,11
387,Callie,Rustich,550,Rustich.550@osu.edu,6
388,Lurette,Newtown,836,Newtown.836@osu.edu,3
389,Martie,Spur,282,Spur.282@osu.edu,1
390,Garey,Keyme,281,Keyme.281@osu.edu,1
391,Matthew,Amar,653,Amar.653@osu.edu,7
392,Jenna,Chessel,955,Chessel.955@osu.edu,1
393,Ellynn,Regi,180,Regi.180@osu.edu,7
394,Morganne,Van de Castele,903,Van de Castele.903@osu.edu,2
395,Lamond,Sollom,580,Sollom.580@osu.edu,4
396,Wolfgang,Stokey,554,Stokey.554@osu.edu,5
397,Maxim,Rhodef,223,Rhodef.223@osu.edu,6
398,Darwin,McGeachie,880,McGeachie.880@osu.edu,1
399,Clemmy,Whitland,92,Whitland.92@osu.edu,7
400,Berenice,Rojas,600,Rojas.600@osu.edu,12
401,Wilmette,McDonogh,769,McDonogh.769@osu.edu,12
402,Thea,Joblin,650,Joblin.650@osu.edu,1
403,Drake,Pembery,431,Pembery.431@osu.edu,1
404,Silvio,Wolstencroft,170,Wolstencroft.170@osu.edu,12
405,Candace,Van T'Hoog,425,Van T'Hoog.425@osu.edu,8
406,Wood,Jaher,418,Jaher.418@osu.edu,6
407,Pamelina,Trathen,567,Trathen.567@osu.edu,4
408,Hanny,Berzons,13,Berzons.13@osu.edu,12
409,Mame,Moffat,97,Moffat.97@osu.edu,2
410,Madalyn,Jakubovics,195,Jakubovics.195@osu.edu,8
411,Oona,Flegg,966,Flegg.966@osu.edu,4
412,Bailie,Ramos,908,Ramos.908@osu.edu,3
413,Sheila,De Lascy,272,De Lascy.272@osu.edu,12
414,Minda,Ensten,308,Ensten.308@osu.edu,7
415,Martie,Greeson,24,Greeson.24@osu.edu,3
416,Lind,Titchard,881,Titchard.881@osu.edu,12
417,Rena,Souch,240,Souch.240@osu.edu,9
418,Perle,Yve,688,Yve.688@osu.edu,3
419,Leonerd,Lindholm,257,Lindholm.257@osu.edu,8
420,Belle,Gaukroger,460,Gaukroger.460@osu.edu,2
421,Dennison,Brockhurst,130,Brockhurst.130@osu.edu,7
422,Pooh,Ledur,912,Ledur.912@osu.edu,4
423,Fidela,Luckman,604,Luckman.604@osu.edu,5
424,Carry,Bathoe,803,Bathoe.803@osu.edu,10
425,Cece,Oliphand,766,Oliphand.766@osu.edu,2
426,Diarmid,Boag,153,Boag.153@osu.edu,10
427,Marysa,Kegan,767,Kegan.767@osu.edu,6
428,Abba,Bichard,682,Bichard.682@osu.edu,11
429,Rene,Brass,843,Brass.843@osu.edu,8
430,Nissa,Monksfield,91,Monksfield.91@osu.edu,12
431,Kendra,Vautin,833,Vautin.833@osu.edu,5
432,Peggi,Suggitt,202,Suggitt.202@osu.edu,1
433,Alexandrina,Fritschel,186,Fritschel.186@osu.edu,2
434,Isahella,Mouncey,232,Mouncey.232@osu.edu,4
435,Boote,Tolman,483,Tolman.483@osu.edu,4
436,Alphonso,Pelzer,951,Pelzer.951@osu.edu,7
437,Sherilyn,Garrett,668,Garrett.668@osu.edu,3
438,Margalit,Shippard,199,Shippard.199@osu.edu,3
439,Darcy,Fawlkes,938,Fawlkes.938@osu.edu,6
440,Pen,Saffran,441,Saffran.441@osu.edu,9
441,Godart,Crose,23,Crose.23@osu.edu,9
442,Elianora,Arnke,838,Arnke.838@osu.edu,9
443,Astra,Moughton,639,Moughton.639@osu.edu,10
444,Vicki,Juppe,901,Juppe.901@osu.edu,1
445,Benjamen,Golde,891,Golde.891@osu.edu,12
446,Tybie,Peealess,929,Peealess.929@osu.edu,7
447,Tamera,Dunlap,658,Dunlap.658@osu.edu,8
448,Chastity,Stoneman,85,Stoneman.85@osu.edu,9
449,Annissa,Antham,624,Antham.624@osu.edu,4
450,Clemmy,Toffaloni,174,Toffaloni.174@osu.edu,9
451,Kristian,MacHoste,807,MacHoste.807@osu.edu,10
452,Randell,Tween,57,Tween.57@osu.edu,2
453,Ivan,Lympenie,364,Lympenie.364@osu.edu,10
454,Barron,Hawkins,313,Hawkins.313@osu.edu,5
455,Talia,Doge,810,Doge.810@osu.edu,5
456,Adda,Broxap,303,Broxap.303@osu.edu,5
457,Town,Scinelli,132,Scinelli.132@osu.edu,6
458,Hugues,Halpin,495,Halpin.495@osu.edu,6
459,Alidia,Peel,144,Peel.144@osu.edu,9
460,Siouxie,Curry,541,Curry.541@osu.edu,7
461,Ruddy,Kirley,376,Kirley.376@osu.edu,2
462,Selma,Tellenbach,974,Tellenbach.974@osu.edu,10
463,Perkin,Souster,285,Souster.285@osu.edu,5
464,Maiga,Slyvester,943,Slyvester.943@osu.edu,1
465,Candy,Hews,410,Hews.410@osu.edu,1
466,Kimberlyn,Swynley,842,Swynley.842@osu.edu,8
467,Keenan,Sellar,318,Sellar.318@osu.edu,6
468,Whittaker,McGrory,797,McGrory.797@osu.edu,6
469,Marta,Trask,946,Trask.946@osu.edu,11
470,Mathian,Guiness,58,Guiness.58@osu.edu,6
471,Barney,Stampe,767,Stampe.767@osu.edu,9
472,Jephthah,O'Hdirscoll,964,O'Hdirscoll.964@osu.edu,4
473,Gwenny,Duesbury,989,Duesbury.989@osu.edu,12
474,Carlyn,Ratnege,386,Ratnege.386@osu.edu,8
475,Corby,Sondon,556,Sondon.556@osu.edu,11
476,Dorelia,Nattriss,765,Nattriss.765@osu.edu,1
477,Mischa,Toor,403,Toor.403@osu.edu,3
478,Abbie,Froggatt,921,Froggatt.921@osu.edu,4
479,Lory,Astridge,534,Astridge.534@osu.edu,1
480,Stillmann,McJury,945,McJury.945@osu.edu,8
481,Rudyard,MacSporran,67,MacSporran.67@osu.edu,11
482,Fanni,Lown,894,Lown.894@osu.edu,1
483,Geri,Deneve,917,Deneve.917@osu.edu,11
484,Massimo,Lemar,615,Lemar.615@osu.edu,8
485,Nadine,Fillimore,892,Fillimore.892@osu.edu,10
486,Armin,Antley,115,Antley.115@osu.edu,3
487,Onida,Janz,136,Janz.136@osu.edu,4
488,Alysia,Pau,419,Pau.419@osu.edu,2
489,Drucie,Normanvill,809,Normanvill.809@osu.edu,6
490,Emili,Melato,403,Melato.403@osu.edu,6
491,Basil,Garstan,736,Garstan.736@osu.edu,10
492,Conny,Itzig,413,Itzig.413@osu.edu,8
493,Daven,Lashford,298,Lashford.298@osu.edu,4
494,Dare,Rubenczyk,370,Rubenczyk.370@osu.edu,1
495,Vanya,Gelland,274,Gelland.274@osu.edu,6
496,Jerrine,McKernon,377,McKernon.377@osu.edu,8
497,Reinold,Linden,634,Linden.634@osu.edu,10
498,Briggs,Flucks,773,Flucks.773@osu.edu,8
499,Salomone,Fateley,730,Fateley.730@osu.edu,9
500,Carol,Northleigh,903,Northleigh.903@osu.edu,5
501,Rooney,Caff,213,Caff.213@osu.edu,3
502,Jacky,Vasin,616,Vasin.616@osu.edu,3
503,Dasi,Renoden,729,Renoden.729@osu.edu,8
504,Sheelah,Denecamp,631,Denecamp.631@osu.edu,5
505,Nikaniki,Gowar,411,Gowar.411@osu.edu,10
506,Gaspar,Dominichelli,63,Dominichelli.63@osu.edu,10
507,Kirby,Hughes,51,Hughes.51@osu.edu,2
508,Gianna,Godehard.sf,71,Godehard.sf.71@osu.edu,4
509,Elie,Bettis,554,Bettis.554@osu.edu,6
510,Anissa,Garshore,120,Garshore.120@osu.edu,10
511,Johnny,McKeowon,509,McKeowon.509@osu.edu,8
512,Floyd,Cerman,803,Cerman.803@osu.edu,3
513,Oralia,Hanburry,226,Hanburry.226@osu.edu,7
514,Letisha,Shanklin,469,Shanklin.469@osu.edu,9
515,Madalyn,Cruxton,871,Cruxton.871@osu.edu,12
516,Emmery,O'Caherny,820,O'Caherny.820@osu.edu,2
517,Orrin,Jays,462,Jays.462@osu.edu,9
518,Delphine,Dredge,841,Dredge.841@osu.edu,3
519,Eduino,Simmers,827,Simmers.827@osu.edu,6
520,Agustin,Coll,12,Coll.12@osu.edu,7
521,Eberhard,Arbuckel,638,Arbuckel.638@osu.edu,8
522,Willis,Kitt,415,Kitt.415@osu.edu,7
523,Cordie,Jennison,912,Jennison.912@osu.edu,1
524,Evangelina,Presnall,592,Presnall.592@osu.edu,3
525,Lindsay,Laidlow,437,Laidlow.437@osu.edu,5
526,Inglis,Rubin,401,Rubin.401@osu.edu,7
527,Tara,Kain,771,Kain.771@osu.edu,10
528,Farrand,Reuther,786,Reuther.786@osu.edu,1
529,Sax,Lafontaine,815,Lafontaine.815@osu.edu,5
530,Elinor,Brettoner,680,Brettoner.680@osu.edu,12
531,Tull,Pittham,729,Pittham.729@osu.edu,1
532,Tanny,Mostin,73,Mostin.73@osu.edu,3
533,Fay,Newvell,282,Newvell.282@osu.edu,8
534,Ginni,Gaine of England,626,Gaine of England.626@osu.edu,10
535,Bernadina,Lynn,952,Lynn.952@osu.edu,10
536,Idelle,Golton,434,Golton.434@osu.edu,8
537,Amity,Comini,111,Comini.111@osu.edu,9
538,Odille,Habden,977,Habden.977@osu.edu,10
539,Horatio,Blackaller,873,Blackaller.873@osu.edu,3
540,Paulette,Corcut,536,Corcut.536@osu.edu,11
541,Raymund,Mongenot,98,Mongenot.98@osu.edu,6
542,Andriette,McLugish,240,McLugish.240@osu.edu,11
543,Jan,Rexworthy,608,Rexworthy.608@osu.edu,3
544,Nikolaus,Mereweather,578,Mereweather.578@osu.edu,10
545,Edin,Erdes,985,Erdes.985@osu.edu,3
546,Kale,Boays,267,Boays.267@osu.edu,4
547,Chester,Moniker,626,Moniker.626@osu.edu,11
548,Deeyn,Reaveley,948,Reaveley.948@osu.edu,11
549,Cari,Gyles,571,Gyles.571@osu.edu,10
550,Salvatore,Igonet,632,Igonet.632@osu.edu,4
551,Grantham,Dimmne,166,Dimmne.166@osu.edu,5
552,Erminie,Ruos,332,Ruos.332@osu.edu,3
553,Gwyneth,Toseland,349,Toseland.349@osu.edu,5
554,Ezmeralda,Neylon,187,Neylon.187@osu.edu,10
555,Eldin,Serchwell,401,Serchwell.401@osu.edu,11
556,Bo,Jelf,713,Jelf.713@osu.edu,6
557,Marieann,Alltimes,263,Alltimes.263@osu.edu,6
558,Skipp,Stormes,77,Stormes.77@osu.edu,12
559,Kate,Schouthede,648,Schouthede.648@osu.edu,9
560,Delia,Strathman,946,Strathman.946@osu.edu,7
561,Frederique,Leathe,245,Leathe.245@osu.edu,1
562,Kerr,Ertelt,212,Ertelt.212@osu.edu,10
563,Rayshell,Tomaszkiewicz,257,Tomaszkiewicz.257@osu.edu,10
564,Meara,Bazylets,408,Bazylets.408@osu.edu,3
565,Sayres,Hankin,113,Hankin.113@osu.edu,6
566,Dinah,Brixham,268,Brixham.268@osu.edu,8
567,Derby,Reisin,834,Reisin.834@osu.edu,3
568,Kessiah,Petrovic,426,Petrovic.426@osu.edu,8
569,Teddi,Goodacre,813,Goodacre.813@osu.edu,7
570,Elden,Lorenzetto,648,Lorenzetto.648@osu.edu,5
571,Jacintha,Muggleston,602,Muggleston.602@osu.edu,3
572,Theresa,Labrone,990,Labrone.990@osu.edu,7
573,Bernie,Castillo,431,Castillo.431@osu.edu,3
574,Damita,Raff,477,Raff.477@osu.edu,3
575,Callie,Fillery,76,Fillery.76@osu.edu,9
576,Quinton,Olphert,424,Olphert.424@osu.edu,10
577,Rees,Obington,926,Obington.926@osu.edu,3
578,Petronille,Rowter,936,Rowter.936@osu.edu,3
579,Alphard,Pickthorn,478,Pickthorn.478@osu.edu,6
580,Barby,True,225,True.225@osu.edu,6
581,Daniela,Flemming,516,Flemming.516@osu.edu,4
582,Ellette,Botton,837,Botton.837@osu.edu,8
583,Conroy,Gager,596,Gager.596@osu.edu,9
584,Dara,Pressnell,624,Pressnell.624@osu.edu,8
585,Emera,Glazebrook,82,Glazebrook.82@osu.edu,2
586,Dotty,Feyer,678,Feyer.678@osu.edu,4
587,Anjela,Joriot,873,Joriot.873@osu.edu,1
588,Riane,Roper,219,Roper.219@osu.edu,8
589,Vic,Loughlan,779,Loughlan.779@osu.edu,10
590,Diena,Oldknow,961,Oldknow.961@osu.edu,6
591,Barnebas,Wedderburn,691,Wedderburn.691@osu.edu,9
592,Sanford,Stolworthy,852,Stolworthy.852@osu.edu,6
593,Chaim,Ricard,455,Ricard.455@osu.edu,8
594,Uriah,Castellan,108,Castellan.108@osu.edu,2
595,Evelyn,Duddin,855,Duddin.855@osu.edu,7
596,Rollo,Spering,783,Spering.783@osu.edu,10
597,Josephine,Hazzard,88,Hazzard.88@osu.edu,4
598,Alex,Clacson,353,Clacson.353@osu.edu,3
599,Ainslie,Castelli,544,Castelli.544@osu.edu,1
600,John,Hrachovec,798,Hrachovec.798@osu.edu,11
601,Gleda,Obbard,16,Obbard.16@osu.edu,8
602,Eugenia,Maulin,3,Maulin.3@osu.edu,7
603,Dena,Culpan,891,Culpan.891@osu.edu,4
604,Booth,Mazillius,856,Mazillius.856@osu.edu,10
605,Olive,Nudds,887,Nudds.887@osu.edu,11
606,Cassandre,Arnal,321,Arnal.321@osu.edu,7
607,Louella,Steer,117,Steer.117@osu.edu,10
608,Gwennie,Adacot,460,Adacot.460@osu.edu,2
609,Theresita,Grennan,968,Grennan.968@osu.edu,9
610,Clemente,Studd,934,Studd.934@osu.edu,9
611,Agneta,Trenaman,570,Trenaman.570@osu.edu,6
612,Coletta,Bissett,934,Bissett.934@osu.edu,4
613,Hermia,Kopelman,610,Kopelman.610@osu.edu,6
614,Willy,Kindle,947,Kindle.947@osu.edu,4
615,Drucy,McGinn,902,McGinn.902@osu.edu,9
616,Gizela,Carillo,325,Carillo.325@osu.edu,11
617,Christie,Ewer,617,Ewer.617@osu.edu,11
618,Minetta,Yurtsev,338,Yurtsev.338@osu.edu,12
619,Hyatt,Rampage,219,Rampage.219@osu.edu,5
620,Worden,Stonall,124,Stonall.124@osu.edu,5
621,Antonina,Janecki,667,Janecki.667@osu.edu,1
622,Ruth,Bartolini,512,Bartolini.512@osu.edu,6
623,Rik,Knowlys,808,Knowlys.808@osu.edu,9
624,Immanuel,Etchell,534,Etchell.534@osu.edu,11
625,Brigham,Vosse,302,Vosse.302@osu.edu,8
626,Ruperto,Gettins,36,Gettins.36@osu.edu,11
627,Sisely,Charleston,334,Charleston.334@osu.edu,11
628,Leena,Vella,605,Vella.605@osu.edu,4
629,Eduino,Buckthorp,748,Buckthorp.748@osu.edu,1
630,Wolfy,Inmett,231,Inmett.231@osu.edu,4
631,Cherlyn,Woltman,663,Woltman.663@osu.edu,1
632,Bronson,Dickerson,841,Dickerson.841@osu.edu,4
633,Janeta,Dangl,107,Dangl.107@osu.edu,3
634,Hamlen,McDonand,370,McDonand.370@osu.edu,10
635,Gan,Tipens,251,Tipens.251@osu.edu,6
636,Rip,Brothwood,400,Brothwood.400@osu.edu,6
637,Gabriela,Pryell,35,Pryell.35@osu.edu,8
638,Shawnee,Mapstone,833,Mapstone.833@osu.edu,2
639,Darin,Iacomi,683,Iacomi.683@osu.edu,4
640,Jillane,Pennick,966,Pennick.966@osu.edu,6
641,Emalee,Klemensiewicz,437,Klemensiewicz.437@osu.edu,11
642,Glen,Delafont,246,Delafont.246@osu.edu,6
643,Willyt,O'Devey,714,O'Devey.714@osu.edu,5
644,Elita,Lacer,747,Lacer.747@osu.edu,8
645,Lane,Tanfield,180,Tanfield.180@osu.edu,3
646,Francesco,Rowler,430,Rowler.430@osu.edu,11
647,Martelle,Challice,550,Challice.550@osu.edu,1
648,Coreen,Fillan,874,Fillan.874@osu.edu,6
649,Susann,Escalera,837,Escalera.837@osu.edu,1
650,Kareem,Satterlee,676,Satterlee.676@osu.edu,1
651,Chrissy,Broadbear,219,Broadbear.219@osu.edu,9
652,Claudetta,Woolstenholmes,240,Woolstenholmes.240@osu.edu,7
653,Manuel,Whenham,315,Whenham.315@osu.edu,1
654,Bryn,Bruyett,162,Bruyett.162@osu.edu,2
655,Lorant,Tuckley,579,Tuckley.579@osu.edu,1
656,Trenton,Shewan,971,Shewan.971@osu.edu,2
657,Ines,Semark,967,Semark.967@osu.edu,9
658,Kevon,Hauxwell,73,Hauxwell.73@osu.edu,2
659,Gusti,Tregian,375,Tregian.375@osu.edu,9
660,Ricoriki,Sapp,76,Sapp.76@osu.edu,4
661,Clarke,Lednor,695,Lednor.695@osu.edu,8
662,Erhard,Sponer,936,Sponer.936@osu.edu,5
663,Jammal,O'Toole,474,O'Toole.474@osu.edu,6
664,Sunny,Fritschmann,341,Fritschmann.341@osu.edu,11
665,Kikelia,Gadney,506,Gadney.506@osu.edu,9
666,Karylin,Brahms,291,Brahms.291@osu.edu,10
667,Phylis,Triplett,721,Triplett.721@osu.edu,8
668,Rosalia,Chell,183,Chell.183@osu.edu,9
669,Jennie,Meddows,622,Meddows.622@osu.edu,1
670,Munroe,Ferrers,82,Ferrers.82@osu.edu,8
671,Melanie,Neggrini,721,Neggrini.721@osu.edu,5
672,Pavlov,Manby,197,Manby.197@osu.edu,5
673,Nicole,Deere,777,Deere.777@osu.edu,5
674,Dulcie,Charle,697,Charle.697@osu.edu,2
675,Luis,Lisamore,918,Lisamore.918@osu.edu,11
676,Bess,Cutchie,379,Cutchie.379@osu.edu,12
677,Marlon,Gilvary,560,Gilvary.560@osu.edu,11
678,Gabriel,Cappel,989,Cappel.989@osu.edu,11
679,Irina,Siggin,144,Siggin.144@osu.edu,5
680,Shamus,Chislett,752,Chislett.752@osu.edu,5
681,Tiphanie,Coolson,888,Coolson.888@osu.edu,1
682,Britteny,Bosanko,473,Bosanko.473@osu.edu,2
683,Roddy,Soigoux,131,Soigoux.131@osu.edu,11
684,Bibbye,Perrot,800,Perrot.800@osu.edu,4
685,Dougie,Puncher,496,Puncher.496@osu.edu,10
686,Tobe,Forestall,381,Forestall.381@osu.edu,12
687,Maurizio,Dodgshun,458,Dodgshun.458@osu.edu,4
688,Marcel,Pumfrey,228,Pumfrey.228@osu.edu,12
689,Worthington,Elen,804,Elen.804@osu.edu,3
690,Johnnie,Ogilby,946,Ogilby.946@osu.edu,3
691,Daron,McCarly,735,McCarly.735@osu.edu,12
692,Marijo,Digance,386,Digance.386@osu.edu,3
693,Pauly,Dibb,804,Dibb.804@osu.edu,8
694,Wanids,Newburn,621,Newburn.621@osu.edu,6
695,Gaston,Beneyto,894,Beneyto.894@osu.edu,9
696,Demetria,Enriquez,420,Enriquez.420@osu.edu,9
697,Maximilien,Lathee,153,Lathee.153@osu.edu,11
698,Marc,Hebborn,237,Hebborn.237@osu.edu,5
699,Meryl,Wilacot,447,Wilacot.447@osu.edu,7
700,Kory,Wantling,310,Wantling.310@osu.edu,3
701,Hill,Olsson,997,Olsson.997@osu.edu,5
702,Rozamond,Sothcott,501,Sothcott.501@osu.edu,3
703,Mandel,Engel,285,Engel.285@osu.edu,1
704,Cicily,Hanley,687,Hanley.687@osu.edu,1
705,Bendicty,Kemball,426,Kemball.426@osu.edu,10
706,Kelsy,Devanney,606,Devanney.606@osu.edu,10
707,Godfree,Kellick,55,Kellick.55@osu.edu,3
708,Jayme,Guillart,240,Guillart.240@osu.edu,12
709,Emory,Jurisch,521,Jurisch.521@osu.edu,5
710,Clarine,Soppitt,579,Soppitt.579@osu.edu,7
711,Tabatha,Pauletti,427,Pauletti.427@osu.edu,12
712,Gabriela,Spellesy,958,Spellesy.958@osu.edu,9
713,Cobbie,Ugo,21,Ugo.21@osu.edu,10
714,Liza,Bresman,569,Bresman.569@osu.edu,5
715,Olag,Clair,95,Clair.95@osu.edu,2
716,Joey,Gremain,78,Gremain.78@osu.edu,7
717,Gerianne,Greed,849,Greed.849@osu.edu,3
718,Ilse,Broadfield,5,Broadfield.5@osu.edu,6
719,Allyn,Meach,284,Meach.284@osu.edu,5
720,Lauraine,Mardell,387,Mardell.387@osu.edu,6
721,Meredith,Jedras,184,Jedras.184@osu.edu,4
722,Terrell,Dell 'Orto,800,Dell 'Orto.800@osu.edu,8
723,Cosette,Theobald,122,Theobald.122@osu.edu,7
724,Orelle,Tolemache,842,Tolemache.842@osu.edu,11
725,Pepito,Lanbertoni,304,Lanbertoni.304@osu.edu,12
726,Annalee,Peirpoint,25,Peirpoint.25@osu.edu,1
727,Mychal,Devanny,816,Devanny.816@osu.edu,9
728,Zelma,Glassford,67,Glassford.67@osu.edu,6
729,Raleigh,Paling,269,Paling.269@osu.edu,1
730,Rowena,Leimster,818,Leimster.818@osu.edu,12
731,Bernarr,Kellet,333,Kellet.333@osu.edu,5
732,Lynsey,Marmyon,334,Marmyon.334@osu.edu,1
733,Myrtia,McCready,676,McCready.676@osu.edu,3
734,Cicely,Raimbauld,100,Raimbauld.100@osu.edu,11
735,Keir,Beedon,645,Beedon.645@osu.edu,1
736,Gordan,Massenhove,519,Massenhove.519@osu.edu,1
737,Genevra,Blampied,856,Blampied.856@osu.edu,1
738,Willey,FitzGilbert,716,FitzGilbert.716@osu.edu,7
739,Jasmina,Corss,414,Corss.414@osu.edu,9
740,Eda,Cavil,376,Cavil.376@osu.edu,4
741,Suzie,Skune,711,Skune.711@osu.edu,10
742,Morna,Rikkard,887,Rikkard.887@osu.edu,11
743,Claudette,Mauditt,273,Mauditt.273@osu.edu,7
744,Almeria,Camilio,204,Camilio.204@osu.edu,5
745,Mead,Kingswold,49,Kingswold.49@osu.edu,8
746,Tierney,Hought,699,Hought.699@osu.edu,2
747,Micah,Fritchly,926,Fritchly.926@osu.edu,9
748,Emelita,Furley,918,Furley.918@osu.edu,6
749,Erhard,Ledbetter,129,Ledbetter.129@osu.edu,5
750,Lotta,Shafto,422,Shafto.422@osu.edu,5
751,Octavius,Leaf,549,Leaf.549@osu.edu,9
752,Bartlett,Stutte,554,Stutte.554@osu.edu,4
753,Martyn,Dennehy,930,Dennehy.930@osu.edu,5
754,Calhoun,Ekell,574,Ekell.574@osu.edu,7
755,Zacherie,Ghidotti,838,Ghidotti.838@osu.edu,12
756,Sully,Lafrentz,792,Lafrentz.792@osu.edu,2
757,Nissy,Brozek,115,Brozek.115@osu.edu,2
758,Betty,Drejer,867,Drejer.867@osu.edu,6
759,Sophey,Whitebread,46,Whitebread.46@osu.edu,2
760,Becky,Mockes,409,Mockes.409@osu.edu,6
761,Woodman,Pickston,167,Pickston.167@osu.edu,8
762,Erich,Kneath,527,Kneath.527@osu.edu,5
763,Averyl,Wainscoat,679,Wainscoat.679@osu.edu,12
764,Rodolphe,Methven,368,Methven.368@osu.edu,11
765,Riki,Stranieri,66,Stranieri.66@osu.edu,1
766,Skyler,Linny,346,Linny.346@osu.edu,4
767,Tasia,Plumstead,7,Plumstead.7@osu.edu,3
768,Shermy,Kernan,29,Kernan.29@osu.edu,9
769,Kermie,Asch,602,Asch.602@osu.edu,3
770,Caresa,Kiossel,479,Kiossel.479@osu.edu,6
771,Thatch,Gautrey,628,Gautrey.628@osu.edu,9
772,Edi,Linton,461,Linton.461@osu.edu,12
773,Tommie,Pringle,831,Pringle.831@osu.edu,5
774,Alix,Pohling,713,Pohling.713@osu.edu,11
775,Gratiana,Vaun,995,Vaun.995@osu.edu,6
776,Juan,Chevin,123,Chevin.123@osu.edu,12
777,Waylin,Oland,391,Oland.391@osu.edu,1
778,Fania,Naden,924,Naden.924@osu.edu,1
779,Erhart,Bittlestone,60,Bittlestone.60@osu.edu,2
780,Riki,Kingswood,815,Kingswood.815@osu.edu,2
781,Penny,Kinton,79,Kinton.79@osu.edu,1
782,Kathlin,Paddeley,754,Paddeley.754@osu.edu,9
783,Wynny,Eggle,115,Eggle.115@osu.edu,6
784,Creight,Collick,796,Collick.796@osu.edu,9
785,Robinet,Wanley,774,Wanley.774@osu.edu,2
786,Moishe,Kik,963,Kik.963@osu.edu,4
787,Wini,Bartomeu,130,Bartomeu.130@osu.edu,8
788,Cheslie,Durno,322,Durno.322@osu.edu,7
789,Winifred,Pavlov,309,Pavlov.309@osu.edu,6
790,Lucien,Pamplin,260,Pamplin.260@osu.edu,9
791,Muffin,Newby,923,Newby.923@osu.edu,8
792,Beatriz,Sussams,450,Sussams.450@osu.edu,9
793,Beltran,Hartas,585,Hartas.585@osu.edu,2
794,Janaye,Copsey,886,Copsey.886@osu.edu,12
795,Alexine,Parlour,801,Parlour.801@osu.edu,4
796,Arvin,Forsyde,880,Forsyde.880@osu.edu,7
797,Hugo,Hurdiss,846,Hurdiss.846@osu.edu,2
798,Edward,Noakes,406,Noakes.406@osu.edu,2
799,Franklin,Portress,874,Portress.874@osu.edu,8
800,Shani,Falconer-Taylor,412,Falconer-Taylor.412@osu.edu,4
801,Duncan,Sayer,768,Sayer.768@osu.edu,4
802,Gualterio,Shilston,723,Shilston.723@osu.edu,7
803,Haskel,Radbourn,86,Radbourn.86@osu.edu,9
804,Ericha,Kilgrew,769,Kilgrew.769@osu.edu,2
805,Vincenz,Harring,478,Harring.478@osu.edu,7
806,Vevay,Wandrich,724,Wandrich.724@osu.edu,5
807,Katharina,Twelve,322,Twelve.322@osu.edu,10
808,Adah,Paulitschke,10,Paulitschke.10@osu.edu,8
809,Haydon,Phinnis,914,Phinnis.914@osu.edu,8
810,Brook,Eusden,781,Eusden.781@osu.edu,2
811,Amie,Grafton-Herbert,847,Grafton-Herbert.847@osu.edu,7
812,Dulci,Worcs,430,Worcs.430@osu.edu,1
813,Caren,Dallison,252,Dallison.252@osu.edu,8
814,Kath,Longwood,97,Longwood.97@osu.edu,1
815,Davita,Redbourn,454,Redbourn.454@osu.edu,8
816,Morgen,Grassin,90,Grassin.90@osu.edu,11
817,Fiann,Emmanuel,770,Emmanuel.770@osu.edu,10
818,Anissa,Issakov,853,Issakov.853@osu.edu,1
819,Bel,Borel,162,Borel.162@osu.edu,7
820,Aridatha,Shingler,681,Shingler.681@osu.edu,4
821,Terrel,Braksper,225,Braksper.225@osu.edu,9
822,Fairfax,Pickthorne,534,Pickthorne.534@osu.edu,4
823,Corine,Cleverly,651,Cleverly.651@osu.edu,12
824,Egon,Alleway,719,Alleway.719@osu.edu,1
825,Leilah,Kitley,563,Kitley.563@osu.edu,11
826,Franny,Showler,47,Showler.47@osu.edu,2
827,Reeta,Medlin,49,Medlin.49@osu.edu,8
828,Neill,Caccavari,841,Caccavari.841@osu.edu,4
829,Holmes,Gudgin,477,Gudgin.477@osu.edu,2
830,Ynez,Baish,216,Baish.216@osu.edu,10
831,Rochette,Leitch,875,Leitch.875@osu.edu,2
832,Abrahan,Paice,766,Paice.766@osu.edu,7
833,Arlette,Allardyce,416,Allardyce.416@osu.edu,2
834,Meredeth,Langstone,378,Langstone.378@osu.edu,12
835,Meghann,Lerohan,216,Lerohan.216@osu.edu,2
836,Les,Burstowe,661,Burstowe.661@osu.edu,7
837,Darrelle,Kenna,80,Kenna.80@osu.edu,6
838,Linn,Dubery,667,Dubery.667@osu.edu,2
839,Ari,Chatwood,755,Chatwood.755@osu.edu,3
840,Mel,Summerson,813,Summerson.813@osu.edu,9
841,Bobbie,Steer,627,Steer.627@osu.edu,8
842,Alastair,Garnall,308,Garnall.308@osu.edu,8
843,Genevra,Faichney,817,Faichney.817@osu.edu,3
844,Doe,Taggerty,429,Taggerty.429@osu.edu,7
845,Hayden,Castanares,753,Castanares.753@osu.edu,1
846,Sofia,Algar,613,Algar.613@osu.edu,3
847,Pavia,Sarver,672,Sarver.672@osu.edu,9
848,Tracie,Pelling,989,Pelling.989@osu.edu,4
849,Phil,Lingfoot,807,Lingfoot.807@osu.edu,1
850,Pepito,Hadden,740,Hadden.740@osu.edu,7
851,Marion,Zammitt,983,Zammitt.983@osu.edu,7
852,Onofredo,Samber,791,Samber.791@osu.edu,5
853,Benita,Taffee,525,Taffee.525@osu.edu,5
854,Renie,Venneur,791,Venneur.791@osu.edu,10
855,Pren,Harker,674,Harker.674@osu.edu,12
856,Melvin,Daugherty,245,Daugherty.245@osu.edu,7
857,Serene,Sikorsky,323,Sikorsky.323@osu.edu,6
858,Karole,Cordoba,627,Cordoba.627@osu.edu,8
859,Gui,Arnau,210,Arnau.210@osu.edu,10
860,Sophi,McGuiness,174,McGuiness.174@osu.edu,6
861,Garrik,Luscombe,895,Luscombe.895@osu.edu,5
862,Chantalle,Golden of Ireland,940,Golden of Ireland.940@osu.edu,9
863,Charlie,Cristofvao,481,Cristofvao.481@osu.edu,4
864,Elsworth,Arguile,499,Arguile.499@osu.edu,7
865,Mellisent,Abbis,169,Abbis.169@osu.edu,8
866,Anabelle,Candelin,909,Candelin.909@osu.edu,4
867,Randy,Cornelleau,712,Cornelleau.712@osu.edu,8
868,Callie,Cavill,245,Cavill.245@osu.edu,1
869,Karrah,Stebbins,350,Stebbins.350@osu.edu,7
870,Doreen,Karet,963,Karet.963@osu.edu,6
871,Venita,Ploughwright,213,Ploughwright.213@osu.edu,7
872,Dulsea,Bruneau,47,Bruneau.47@osu.edu,6
873,Tarrance,Warstall,700,Warstall.700@osu.edu,1
874,Klarika,Ind,221,Ind.221@osu.edu,8
875,Lauritz,Greenshields,741,Greenshields.741@osu.edu,4
876,Kaine,MacGray,535,MacGray.535@osu.edu,11
877,Becca,Monument,908,Monument.908@osu.edu,12
878,Judd,Penniell,17,Penniell.17@osu.edu,11
879,Kriste,Zanetto,921,Zanetto.921@osu.edu,8
880,Malcolm,Went,802,Went.802@osu.edu,9
881,Westley,Bastock,808,Bastock.808@osu.edu,8
882,Brandice,Beggan,473,Beggan.473@osu.edu,4
883,Ira,MacLise,85,MacLise.85@osu.edu,8
884,Sarene,Bax,675,Bax.675@osu.edu,8
885,Sax,De Vuyst,547,De Vuyst.547@osu.edu,8
886,Ellissa,Pirkis,407,Pirkis.407@osu.edu,10
887,Cherianne,Quelch,702,Quelch.702@osu.edu,7
888,Kare,Balazs,845,Balazs.845@osu.edu,7
889,Eldredge,Negus,827,Negus.827@osu.edu,12
890,Arlen,Liddon,770,Liddon.770@osu.edu,2
891,Gill,Drinnan,14,Drinnan.14@osu.edu,5
892,Martguerita,Williams,716,Williams.716@osu.edu,1
893,Hatty,Domoni,13,Domoni.13@osu.edu,9
894,Coleman,McCosker,380,McCosker.380@osu.edu,1
895,Woodie,Maskelyne,557,Maskelyne.557@osu.edu,9
896,Brad,Piatek,837,Piatek.837@osu.edu,4
897,Onfre,Boughton,738,Boughton.738@osu.edu,5
898,Izaak,Whyberd,74,Whyberd.74@osu.edu,12
899,Carolee,Ranklin,620,Ranklin.620@osu.edu,5
900,Paxon,Searight,460,Searight.460@osu.edu,3
901,Boone,Testo,935,Testo.935@osu.edu,2
902,Dore,Glennie,695,Glennie.695@osu.edu,5
903,Jeanette,Gwinnel,807,Gwinnel.807@osu.edu,10
904,Myca,Navan,434,Navan.434@osu.edu,12
905,Morgan,Bernucci,841,Bernucci.841@osu.edu,1
906,Mirilla,MacGorley,515,MacGorley.515@osu.edu,3
907,Erskine,Lippiett,371,Lippiett.371@osu.edu,1
908,Abel,Mullane,804,Mullane.804@osu.edu,7
909,Latashia,Gobel,657,Gobel.657@osu.edu,4
910,Nadiya,Nendick,288,Nendick.288@osu.edu,5
911,Joanne,Teideman,481,Teideman.481@osu.edu,2
912,Matias,Ladbrooke,121,Ladbrooke.121@osu.edu,4
913,Udale,Kirsch,812,Kirsch.812@osu.edu,3
914,Cal,Degue,479,Degue.479@osu.edu,6
915,Carmelina,Cripin,337,Cripin.337@osu.edu,9
916,Monti,Vardy,752,Vardy.752@osu.edu,9
917,Muire,Shall,665,Shall.665@osu.edu,5
918,Beatriz,Lerhinan,395,Lerhinan.395@osu.edu,2
919,Olympe,Angrock,143,Angrock.143@osu.edu,8
920,Eamon,Formigli,509,Formigli.509@osu.edu,2
921,Jdavie,Fortune,913,Fortune.913@osu.edu,10
922,Horton,Laffranconi,179,Laffranconi.179@osu.edu,5
923,Elora,Money,724,Money.724@osu.edu,1
924,Lind,Jurn,805,Jurn.805@osu.edu,5
925,Elora,Skirven,130,Skirven.130@osu.edu,1
926,Adena,Winch,442,Winch.442@osu.edu,4
927,Felicdad,Chucks,20,Chucks.20@osu.edu,10
928,Zarla,Jumont,24,Jumont.24@osu.edu,9
929,Ambrosi,Cushion,98,Cushion.98@osu.edu,4
930,Waring,Wolfinger,280,Wolfinger.280@osu.edu,4
931,Krystle,Janney,72,Janney.72@osu.edu,6
932,Ty,Wykey,188,Wykey.188@osu.edu,10
933,Karisa,Durden,959,Durden.959@osu.edu,1
934,Michel,Itter,747,Itter.747@osu.edu,12
935,Garnette,Eden,141,Eden.141@osu.edu,8
936,Adriano,Lintall,668,Lintall.668@osu.edu,10
937,Donavon,Deroche,216,Deroche.216@osu.edu,10
938,Wiatt,Olorenshaw,191,Olorenshaw.191@osu.edu,7
939,Kendal,Tabord,414,Tabord.414@osu.edu,6
940,Chas,Witty,716,Witty.716@osu.edu,10
941,Codie,Pilsbury,136,Pilsbury.136@osu.edu,3
942,Valera,Ochterlony,418,Ochterlony.418@osu.edu,5
943,Charmaine,Brumwell,786,Brumwell.786@osu.edu,1
944,Cathe,Trower,147,Trower.147@osu.edu,2
945,Mikel,Beenham,203,Beenham.203@osu.edu,9
946,Turner,Pollicatt,481,Pollicatt.481@osu.edu,12
947,Kean,Thomassen,588,Thomassen.588@osu.edu,5
948,Maribelle,Castagnet,260,Castagnet.260@osu.edu,3
949,Bernadette,Belding,236,Belding.236@osu.edu,3
950,Morgen,Ridesdale,243,Ridesdale.243@osu.edu,4
951,Matthaeus,Garford,212,Garford.212@osu.edu,9
952,Alphonso,McLardie,393,McLardie.393@osu.edu,4
953,Armand,Tuminini,722,Tuminini.722@osu.edu,6
954,Myrtie,Tibbits,530,Tibbits.530@osu.edu,4
955,Devin,Crassweller,834,Crassweller.834@osu.edu,1
956,Liesa,Winnister,457,Winnister.457@osu.edu,6
957,Judd,Trevaskis,327,Trevaskis.327@osu.edu,7
958,Ephraim,Glowach,725,Glowach.725@osu.edu,8
959,Sayers,Zienkiewicz,775,Zienkiewicz.775@osu.edu,4
960,Terri,Derricoat,684,Derricoat.684@osu.edu,4
961,Lou,Natwick,922,Natwick.922@osu.edu,2
962,Myrvyn,Marconi,944,Marconi.944@osu.edu,12
963,Blake,Lambertz,368,Lambertz.368@osu.edu,8
964,Lucia,Figge,421,Figge.421@osu.edu,3
965,Nicola,Laden,494,Laden.494@osu.edu,5
966,Helga,Sedgmond,765,Sedgmond.765@osu.edu,7
967,Ranique,Murr,354,Murr.354@osu.edu,5
968,Noel,Burde,413,Burde.413@osu.edu,2
969,Niki,McConnell,24,McConnell.24@osu.edu,4
970,Andrey,Tinner,968,Tinner.968@osu.edu,3
971,Adrea,Plews,352,Plews.352@osu.edu,10
972,Warden,Gomm,327,Gomm.327@osu.edu,5
973,Terese,Grebert,869,Grebert.869@osu.edu,7
974,Mufi,Ollivierre,222,Ollivierre.222@osu.edu,4
975,Katina,Buesden,812,Buesden.812@osu.edu,9
976,Laural,Deetlefs,584,Deetlefs.584@osu.edu,10
977,Thurstan,Portriss,712,Portriss.712@osu.edu,5
978,Jerrilee,Worwood,729,Worwood.729@osu.edu,12
979,Katusha,Fautley,936,Fautley.936@osu.edu,12
980,Colline,Itzchaky,448,Itzchaky.448@osu.edu,6
981,Corrinne,McRorie,63,McRorie.63@osu.edu,9
982,Cherilyn,Traher,703,Traher.703@osu.edu,1
983,Jeanna,Schusterl,789,Schusterl.789@osu.edu,5
984,Fanny,Cliffe,374,Cliffe.374@osu.edu,11
985,Franzen,Hawkswood,37,Hawkswood.37@osu.edu,9
986,Tatum,Eilhart,227,Eilhart.227@osu.edu,12
987,Drew,Walburn,211,Walburn.211@osu.edu,12
988,Sibylle,Bedward,989,Bedward.989@osu.edu,7
989,Brenda,Giacoboni,61,Giacoboni.61@osu.edu,9
990,Alexander,Zoppie,696,Zoppie.696@osu.edu,6
991,Gib,Ewbach,341,Ewbach.341@osu.edu,7
992,Michele,Litzmann,734,Litzmann.734@osu.edu,3
993,Carlota,Gilli,9,Gilli.9@osu.edu,6
994,Griffy,Hazeley,165,Hazeley.165@osu.edu,3
995,Mortie,Imlaw,950,Imlaw.950@osu.edu,9
996,Valentine,Pressnell,121,Pressnell.121@osu.edu,7
997,Cortney,Darkins,824,Darkins.824@osu.edu,11
998,Rozele,Kilfedder,223,Kilfedder.223@osu.edu,4
999,Domeniga,Bouette,208,Bouette.208@osu.edu,9
1000,Kayle,Grafham,216,Grafham.216@osu.edu,4
